{"threshold_f1": 0.24107499213264474, "threshold_p90": 0.6382856450343695}